year,source_document,section_bucket,subsection,proposal_title,lead_agency,supporting_agencies,commitment_type,quantified,metric_or_target,implementation_pathway,notes,commitment_id,lead_agency_standardized,supporting_agencies_standardized,item_type_clean,implementation_pathway_clean,binary_evaluable,binary_unit,overlap_theme,status_evidence_needed,source_quality,continuity_to_prior_year,matched_prior_commitment_id,matched_prior_title,match_basis
2025,2025StateoftheStateBook.pdf,Chapter 1: Putting Money Back in New Yorkers' Pockets 13,Chapter 1: Putting Money Back in New Yorkers' Pockets 13,"But I know our work isn't done. Worries about crime and struggles to make ends meet are too common. Our state has to be livable, and people have to be able to afford to live in it. We must keep fighting and delivering for the children and families of New York. We need safer streets and subways. We need good jobs and higher wages. We need housing that's affordable. We need fast public transit and dependable infrastructure. That's my vision of New York—a place where hardworking people get ahead, where children play safely in their neighborhoods, where opportunities are plentiful. That's how I felt when I was growing up—which is not to say it wasn't hard sometimes. My parents started out in a trailer where my brother was born. When I came along, we moved to a cramped apartment in the shadow of the steel plant where my dad, uncles, and grandfather all worked. My mom scrimped and saved for our family of eight. She made spam sandwiches on expired bread from the freezer and bought our clothes on layaway. When I was 13, I had my eye on a stylish red plastic raincoat at a women's store on Main Street. It was an extravagance I knew I could never ask my parents for. So I saved every penny I earned babysitting for 50 cents an hour until I could pay for it myself. It took months, but buying that coat with my own money felt like such an achievement. It was proof to a young teenager that with hard work and perseverance, anything was possible. But just a few years later, that store and many shops around it went dark. The five and dime, the soda counter, the last of the clothing stores—all gone. It was the 1970s. Inflation was over 13 percent. Crime was out of control. Factories were shutting down. Our land, air and water were polluted. So many communities lost the factory and struggled for decades to get back up. Every one of my five siblings left home because jobs were more plentiful in other states. That hurt. It wasn't just young people leaving. Hope left too. I share this not to give a history lesson but to reinforce that these fights are personal to me. I don't ever want the people of this State, our neighbors to have that sense of anxiety that was pervasive when I was younger. That's why I decided to stay and fight. Witnessing the struggles and pain of those left behind inspired me to run for office, to be a voice for communities who had fallen on hard times, because I had lived that experience. Today, I know many New Yorkers are struggling. Inflation. Sky-high rents. Wages that don't feel like they keep up. A changing economy, an influx of unexpected arrivals with great needs, and an unsettled world. And that's why I fight day in and day out to make New York safer, healthier, cleaner, more affordable for you and your family. A state of the state address can be full of flowery rhetoric but fail to address the needs of the people. I believe it must be more than just words. It should be a concrete blueprint that will deliver actual results that New Yorkers will feel. That is what New Yorkers expect, and that is what you will see in this book: a bold yet actionable plan that addresses affordability and public safety. Because your family IS my fight—and I will never stop fighting for the people of New York. Slash Middle Class Taxes Up to Five Percent, Reaching 67-Year Lows",HCR,DOT; MTA,program/policy,yes,13 percent,mixed,First-pass coding from 2025 SOTS table of contents.,2025-001,HCR,DOT; MTA,program/policy,mixed,no,,street_safety,agency report or official implementation evidence,first_pass_toc,new,,,
2025,2025StateoftheStateBook.pdf,Chapter 1: Putting Money Back in New Yorkers' Pockets 13,Chapter 1: Putting Money Back in New Yorkers' Pockets 13,Give Back $3 Billion in Inflation Rebates to New Yorkers,,,funding/tax/benefit,yes,$3 Billion; 3 Billion,executive_budget,First-pass coding from 2025 SOTS table of contents.,2025-002,,,funding/tax/benefit,executive_budget,no,,unclear,agency report or official implementation evidence,first_pass_toc,new,,,
2025,2025StateoftheStateBook.pdf,Chapter 1: Putting Money Back in New Yorkers' Pockets 13,Chapter 1: Putting Money Back in New Yorkers' Pockets 13,Vastly Expand New York's Child Tax Credit,,,funding/tax/benefit,no,,executive_budget,First-pass coding from 2025 SOTS table of contents.,2025-003,,,funding/tax/benefit,executive_budget,no,,unclear,"budget appropriation, program awards, or fiscal documents",first_pass_toc,new,,,
2025,2025StateoftheStateBook.pdf,Chapter 1: Putting Money Back in New Yorkers' Pockets 13,Chapter 1: Putting Money Back in New Yorkers' Pockets 13,Fight for Federal Tax Relief,,,other,no,,executive_budget,First-pass coding from 2025 SOTS table of contents.,2025-004,,,other,executive_budget,no,,unclear,agency report or official implementation evidence,first_pass_toc,new,,,
2025,2025StateoftheStateBook.pdf,Chapter 2: Supporting the Youngest New Yorkers and their Families 17,Chapter 2: Supporting the Youngest New Yorkers and their Families 17,Establish the Birth Allowance for Beginning Year Benefit,,,program/governance,no,,mixed,First-pass coding from 2025 SOTS table of contents.,2025-005,,,program/governance,executive_action,yes,established,unclear,"executive order, agency launch, or official announcement",first_pass_toc,new,,,
2025,2025StateoftheStateBook.pdf,Chapter 2: Supporting the Youngest New Yorkers and their Families 17,Chapter 2: Supporting the Youngest New Yorkers and their Families 17,Support Families When a Baby is Born,,,program/policy,no,,mixed,First-pass coding from 2025 SOTS table of contents.,2025-006,,,program/policy,mixed,no,,unclear,"implementation metrics, agency reports, or budget plus rollout evidence",first_pass_toc,new,,,
2025,2025StateoftheStateBook.pdf,Chapter 2: Supporting the Youngest New Yorkers and their Families 17,Chapter 2: Supporting the Youngest New Yorkers and their Families 17,Expand Access to Vital Nutrition Programs for Mothers and Children,,,program/policy,no,,mixed,First-pass coding from 2025 SOTS table of contents.,2025-007,,,program/policy,mixed,no,,unclear,"implementation metrics, agency reports, or budget plus rollout evidence",first_pass_toc,expansion,2024-142,Expand Localities' Access to DASNY Construction Services,theme=unclear; shared_terms=access
2025,2025StateoftheStateBook.pdf,Chapter 2: Supporting the Youngest New Yorkers and their Families 17,Chapter 2: Supporting the Youngest New Yorkers and their Families 17,"Increase Dual Enrollment in Supplemental Nutrition Assistance Program and Special Supplemental Nutrition Program for Women, Infants, and Children",,,program/policy,no,,mixed,First-pass coding from 2025 SOTS table of contents.,2025-008,,,program/policy,mixed,no,,unclear,"implementation metrics, agency reports, or budget plus rollout evidence",first_pass_toc,expansion,2024-150,Expand the Teacher Ambassador Program,theme=unclear; shared_terms=program
2025,2025StateoftheStateBook.pdf,Chapter 2: Supporting the Youngest New Yorkers and their Families 17,Chapter 2: Supporting the Youngest New Yorkers and their Families 17,Create The Parent Partnership Project,,,program/governance,no,,mixed,First-pass coding from 2025 SOTS table of contents.,2025-009,,,program/governance,executive_action,yes,created,unclear,"executive order, agency launch, or official announcement",first_pass_toc,new,,,
2025,2025StateoftheStateBook.pdf,Chapter 2: Supporting the Youngest New Yorkers and their Families 17,Chapter 2: Supporting the Youngest New Yorkers and their Families 17,Expand Lactation Support Services,,,program/policy,no,,mixed,First-pass coding from 2025 SOTS table of contents.,2025-010,,,program/policy,mixed,no,,unclear,"implementation metrics, agency reports, or budget plus rollout evidence",first_pass_toc,expansion,2024-142,Expand Localities' Access to DASNY Construction Services,theme=unclear; shared_terms=services
2025,2025StateoftheStateBook.pdf,Chapter 2: Supporting the Youngest New Yorkers and their Families 17,Chapter 2: Supporting the Youngest New Yorkers and their Families 17,Provide Child Care Construction Grants,,,funding/tax/benefit,no,,executive_budget,First-pass coding from 2025 SOTS table of contents.,2025-011,,,funding/tax/benefit,executive_budget,no,,child_care_access,"budget appropriation, program awards, or fiscal documents",first_pass_toc,continuation,2024-182,Provide Grants to Sustain Child Care Programs,"theme=child_care_access; shared_terms=care, child, grants"
2025,2025StateoftheStateBook.pdf,Chapter 2: Supporting the Youngest New Yorkers and their Families 17,Chapter 2: Supporting the Youngest New Yorkers and their Families 17,Create the New York Coalition for Child Care,,,program/governance,no,,mixed,First-pass coding from 2025 SOTS table of contents.,2025-012,,,program/governance,executive_action,yes,created,child_care_access,"executive order, agency launch, or official announcement",first_pass_toc,continuation,2024-181,Continue Commitment to Child Care Access,"theme=child_care_access; shared_terms=care, child"
2025,2025StateoftheStateBook.pdf,Chapter 2: Supporting the Youngest New Yorkers and their Families 17,Chapter 2: Supporting the Youngest New Yorkers and their Families 17,Launch a Child Care Substitute Pool,,,program/governance,no,,mixed,First-pass coding from 2025 SOTS table of contents.,2025-013,,,program/governance,executive_action,yes,launched,child_care_access,"executive order, agency launch, or official announcement",first_pass_toc,continuation,2024-181,Continue Commitment to Child Care Access,"theme=child_care_access; shared_terms=care, child"
2025,2025StateoftheStateBook.pdf,Chapter 3: Helping Our Children Thrive 24,Chapter 3: Helping Our Children Thrive 24,Provide Universal School Meals,,,other,no,,mixed,First-pass coding from 2025 SOTS table of contents.,2025-014,,,other,mixed,no,,unclear,agency report or official implementation evidence,first_pass_toc,new,,,
2025,2025StateoftheStateBook.pdf,Chapter 3: Helping Our Children Thrive 24,Chapter 3: Helping Our Children Thrive 24,Take Action to Ensure Distraction-Free Learning,,,other,no,,mixed,First-pass coding from 2025 SOTS table of contents.,2025-015,,,other,mixed,no,,unclear,agency report or official implementation evidence,first_pass_toc,new,,,
2025,2025StateoftheStateBook.pdf,Chapter 3: Helping Our Children Thrive 24,Chapter 3: Helping Our Children Thrive 24,Boost Literacy with Free Books from Dolly Parton's Imagination Library,,,other,no,,mixed,First-pass coding from 2025 SOTS table of contents.,2025-016,,,other,mixed,no,,unclear,agency report or official implementation evidence,first_pass_toc,new,,,
2025,2025StateoftheStateBook.pdf,Chapter 3: Helping Our Children Thrive 24,Chapter 3: Helping Our Children Thrive 24,Build a Statewide Data System to Improve Education and Workforce Outcomes,,,program/policy,no,,mixed,First-pass coding from 2025 SOTS table of contents.,2025-017,,,program/policy,mixed,no,,unclear,"implementation metrics, agency reports, or budget plus rollout evidence",first_pass_toc,follow_on,2024-149,Establish an Office of Workforce Data and Research,"theme=unclear; shared_terms=data, workforce"
2025,2025StateoftheStateBook.pdf,Chapter 3: Helping Our Children Thrive 24,Chapter 3: Helping Our Children Thrive 24,Launch College in High School Opportunity Fund,,,program/governance,no,,mixed,First-pass coding from 2025 SOTS table of contents.,2025-018,,,program/governance,executive_action,yes,launched,unclear,"executive order, agency launch, or official announcement",first_pass_toc,new,,,
2025,2025StateoftheStateBook.pdf,Chapter 3: Helping Our Children Thrive 24,Chapter 3: Helping Our Children Thrive 24,Streamline the Part-Time Tuition Assistance Program,,,other,no,,mixed,First-pass coding from 2025 SOTS table of contents.,2025-019,,,other,mixed,no,,unclear,agency report or official implementation evidence,first_pass_toc,continuation,2024-150,Expand the Teacher Ambassador Program,theme=unclear; shared_terms=program
2025,2025StateoftheStateBook.pdf,Chapter 3: Helping Our Children Thrive 24,Chapter 3: Helping Our Children Thrive 24,Invest in Student Success at the State University of New York,,,funding/tax/benefit,no,,executive_budget,First-pass coding from 2025 SOTS table of contents.,2025-020,,,funding/tax/benefit,executive_budget,no,,unclear,agency report or official implementation evidence,first_pass_toc,continuation,2024-139,Invest in Shovel-Ready Sites to Attract Businesses,theme=unclear; shared_terms=invest
2025,2025StateoftheStateBook.pdf,Chapter 3: Helping Our Children Thrive 24,Chapter 3: Helping Our Children Thrive 24,Invest in Cutting-Edge Research by Funding a New York State Innovation Fund,,,funding/tax/benefit,no,,executive_budget,First-pass coding from 2025 SOTS table of contents.,2025-021,,,funding/tax/benefit,executive_budget,no,,unclear,"budget appropriation, program awards, or fiscal documents",first_pass_toc,continuation,2024-149,Establish an Office of Workforce Data and Research,theme=unclear; shared_terms=research
2025,2025StateoftheStateBook.pdf,Chapter 3: Helping Our Children Thrive 24,Chapter 3: Helping Our Children Thrive 24,Invest in New York State's Recreation Infrastructure,,,funding/tax/benefit,no,,executive_budget,First-pass coding from 2025 SOTS table of contents.,2025-022,,,funding/tax/benefit,executive_budget,no,,unclear,agency report or official implementation evidence,first_pass_toc,continuation,2024-139,Invest in Shovel-Ready Sites to Attract Businesses,theme=unclear; shared_terms=invest
2025,2025StateoftheStateBook.pdf,Chapter 3: Helping Our Children Thrive 24,Chapter 3: Helping Our Children Thrive 24,Invest in Playgrounds,,,funding/tax/benefit,no,,executive_budget,First-pass coding from 2025 SOTS table of contents.,2025-023,,,funding/tax/benefit,executive_budget,no,,unclear,agency report or official implementation evidence,first_pass_toc,continuation,2024-139,Invest in Shovel-Ready Sites to Attract Businesses,theme=unclear; shared_terms=invest
2025,2025StateoftheStateBook.pdf,Chapter 3: Helping Our Children Thrive 24,Chapter 3: Helping Our Children Thrive 24,"Launch Get Offline, Get Outside 2.0",,,program/governance,yes,,mixed,First-pass coding from 2025 SOTS table of contents.,2025-024,,,program/governance,executive_action,yes,launched,unclear,"executive order, agency launch, or official announcement",first_pass_toc,new,,,
2025,2025StateoftheStateBook.pdf,Chapter 3: Helping Our Children Thrive 24,Chapter 3: Helping Our Children Thrive 24,Double Down on NY SWIMS,,,other,yes,Double,mixed,First-pass coding from 2025 SOTS table of contents.,2025-025,,,program/policy,mixed,no,,unclear,agency report or official implementation evidence,first_pass_toc,new,,,
2025,2025StateoftheStateBook.pdf,Chapter 3: Helping Our Children Thrive 24,Chapter 3: Helping Our Children Thrive 24,Get More Kids Swimming and Prevent Child Drowning,,,other,no,,mixed,First-pass coding from 2025 SOTS table of contents.,2025-026,,,other,mixed,no,,unclear,agency report or official implementation evidence,first_pass_toc,new,,,
2025,2025StateoftheStateBook.pdf,Chapter 3: Helping Our Children Thrive 24,Chapter 3: Helping Our Children Thrive 24,Expand Media Literacy Effort to Combat Misinformation,,,program/policy,no,,mixed,First-pass coding from 2025 SOTS table of contents.,2025-027,,,program/policy,mixed,no,,unclear,"implementation metrics, agency reports, or budget plus rollout evidence",first_pass_toc,new,,,
2025,2025StateoftheStateBook.pdf,Chapter 3: Helping Our Children Thrive 24,Chapter 3: Helping Our Children Thrive 24,Outlaw Artificial Intelligence-Generated Child Sexual Abuse Material,,,legislation/regulation,no,,legislation_required,First-pass coding from 2025 SOTS table of contents.,2025-028,,,legislation/regulation,legislation_required,no,,unclear,agency report or official implementation evidence,first_pass_toc,new,,,
2025,2025StateoftheStateBook.pdf,Chapter 3: Helping Our Children Thrive 24,Chapter 3: Helping Our Children Thrive 24,Make Artificial Intelligence Companion Technology Safer,,,other,no,,mixed,First-pass coding from 2025 SOTS table of contents.,2025-029,,,other,mixed,no,,unclear,agency report or official implementation evidence,first_pass_toc,new,,,
2025,2025StateoftheStateBook.pdf,Chapter 4: Investing in Safety 33,Chapter 4: Investing in Safety 33,Expand Support for Intelligence Sharing and Agency Coordination,,,program/policy,no,,mixed,First-pass coding from 2025 SOTS table of contents.,2025-030,,,program/policy,mixed,no,,unclear,"implementation metrics, agency reports, or budget plus rollout evidence",first_pass_toc,new,,,
2025,2025StateoftheStateBook.pdf,Chapter 4: Investing in Safety 33,Chapter 4: Investing in Safety 33,Strengthen the State's Response Against Transnational Criminal Networks,,,program/policy,no,,mixed,First-pass coding from 2025 SOTS table of contents.,2025-031,,,program/policy,mixed,no,,unclear,"implementation metrics, agency reports, or budget plus rollout evidence",first_pass_toc,new,,,
2025,2025StateoftheStateBook.pdf,Chapter 4: Investing in Safety 33,Chapter 4: Investing in Safety 33,Right-size the Connection between the Discovery Law and the Speedy Trial Act to Promote True Justice,,,other,no,,mixed,First-pass coding from 2025 SOTS table of contents.,2025-032,,,other,mixed,no,,unclear,agency report or official implementation evidence,first_pass_toc,continuation,2024-147,Promote Economic Growth Through Investment in the Arts,theme=unclear; shared_terms=promote
2025,2025StateoftheStateBook.pdf,Chapter 4: Investing in Safety 33,Chapter 4: Investing in Safety 33,Streamline and Clarify Discovery Requirements,,,other,no,,mixed,First-pass coding from 2025 SOTS table of contents.,2025-033,,,other,mixed,no,,unclear,agency report or official implementation evidence,first_pass_toc,new,,,
2025,2025StateoftheStateBook.pdf,Chapter 4: Investing in Safety 33,Chapter 4: Investing in Safety 33,Support Safe and Vibrant Communities,,,program/policy,no,,mixed,First-pass coding from 2025 SOTS table of contents.,2025-034,,,program/policy,mixed,no,,unclear,"implementation metrics, agency reports, or budget plus rollout evidence",first_pass_toc,continuation,2024-141,Transform Blighted Communities,theme=unclear; shared_terms=communities
2025,2025StateoftheStateBook.pdf,Chapter 4: Investing in Safety 33,Chapter 4: Investing in Safety 33,Expand Victim Support Services to Protect Vulnerable Populations,,,program/policy,no,,mixed,First-pass coding from 2025 SOTS table of contents.,2025-035,,,program/policy,mixed,no,,unclear,"implementation metrics, agency reports, or budget plus rollout evidence",first_pass_toc,expansion,2024-142,Expand Localities' Access to DASNY Construction Services,theme=unclear; shared_terms=services
2025,2025StateoftheStateBook.pdf,Chapter 4: Investing in Safety 33,Chapter 4: Investing in Safety 33,Ensure Child Victims of Crime Are Maximally Supported,,,other,no,,mixed,First-pass coding from 2025 SOTS table of contents.,2025-036,,,other,mixed,no,,unclear,"implementation metrics, agency reports, or budget plus rollout evidence",first_pass_toc,new,,,
2025,2025StateoftheStateBook.pdf,Chapter 4: Investing in Safety 33,Chapter 4: Investing in Safety 33,Reduce Reoffending Through Innovative Justice Initiatives,,,other,no,,mixed,First-pass coding from 2025 SOTS table of contents.,2025-037,,,other,mixed,no,,unclear,"implementation metrics, agency reports, or budget plus rollout evidence",first_pass_toc,new,,,
2025,2025StateoftheStateBook.pdf,Chapter 4: Investing in Safety 33,Chapter 4: Investing in Safety 33,Launch First Responder Counseling Scholarship Program,,,program/governance,no,,mixed,First-pass coding from 2025 SOTS table of contents.,2025-038,,,program/governance,executive_action,yes,launched,unclear,"executive order, agency launch, or official announcement",first_pass_toc,continuation,2024-150,Expand the Teacher Ambassador Program,theme=unclear; shared_terms=program
2025,2025StateoftheStateBook.pdf,Chapter 4: Investing in Safety 33,Chapter 4: Investing in Safety 33,Eliminate Outdated Barriers in Public Safety Recruitment,,,other,no,,mixed,First-pass coding from 2025 SOTS table of contents.,2025-039,,,other,mixed,no,,unclear,agency report or official implementation evidence,first_pass_toc,continuation,2024-148,Expand State Apprenticeships to Youth and Public Service Workers,theme=unclear; shared_terms=public
2025,2025StateoftheStateBook.pdf,Chapter 4: Investing in Safety 33,Chapter 4: Investing in Safety 33,Expand Educational Pathways to Public Service Careers,,,program/policy,no,,mixed,First-pass coding from 2025 SOTS table of contents.,2025-040,,,program/policy,mixed,no,,unclear,"implementation metrics, agency reports, or budget plus rollout evidence",first_pass_toc,expansion,2024-148,Expand State Apprenticeships to Youth and Public Service Workers,"theme=unclear; shared_terms=public, service"
2025,2025StateoftheStateBook.pdf,Chapter 4: Investing in Safety 33,Chapter 4: Investing in Safety 33,Secure Additional Funding for Volunteer Fire Infrastructure and Response Equipment Grant Program,,,funding/tax/benefit,no,,executive_budget,First-pass coding from 2025 SOTS table of contents.,2025-041,,,funding/tax/benefit,executive_budget,no,,unclear,"budget appropriation, program awards, or fiscal documents",first_pass_toc,continuation,2024-150,Expand the Teacher Ambassador Program,theme=unclear; shared_terms=program
2025,2025StateoftheStateBook.pdf,Chapter 4: Investing in Safety 33,Chapter 4: Investing in Safety 33,Keep Our Firefighters Safe with Better Protective Gear,,,other,no,,mixed,First-pass coding from 2025 SOTS table of contents.,2025-042,,,other,mixed,no,,unclear,agency report or official implementation evidence,first_pass_toc,new,,,
2025,2025StateoftheStateBook.pdf,Chapter 4: Investing in Safety 33,Chapter 4: Investing in Safety 33,Secure Additional Funding for Law Enforcement Technology,,,other,no,,mixed,First-pass coding from 2025 SOTS table of contents.,2025-043,,,other,executive_budget,no,,unclear,"budget appropriation, program awards, or fiscal documents",first_pass_toc,new,,,
2025,2025StateoftheStateBook.pdf,Chapter 4: Investing in Safety 33,Chapter 4: Investing in Safety 33,Establish a Mass Violence Crisis Response Team,,,program/governance,no,,mixed,First-pass coding from 2025 SOTS table of contents.,2025-044,,,program/governance,executive_action,yes,established,unclear,"executive order, agency launch, or official announcement",first_pass_toc,new,,,
2025,2025StateoftheStateBook.pdf,Chapter 4: Investing in Safety 33,Chapter 4: Investing in Safety 33,Enhance Safety for Work Zones and Transportation Workers,,,other,no,,mixed,First-pass coding from 2025 SOTS table of contents.,2025-045,,,other,mixed,no,,unclear,agency report or official implementation evidence,first_pass_toc,continuation,2024-151,Protect New York's Workers,theme=unclear; shared_terms=workers
2025,2025StateoftheStateBook.pdf,Chapter 4: Investing in Safety 33,Chapter 4: Investing in Safety 33,Strengthen Drugged Driving Laws,,,program/policy,no,,mixed,First-pass coding from 2025 SOTS table of contents.,2025-046,,,program/policy,mixed,no,,unclear,"implementation metrics, agency reports, or budget plus rollout evidence",first_pass_toc,new,,,
2025,2025StateoftheStateBook.pdf,Chapter 4: Investing in Safety 33,Chapter 4: Investing in Safety 33,Improve Safety at New York City's Elementary School Intersections,,,program/policy,no,,mixed,First-pass coding from 2025 SOTS table of contents.,2025-047,,,program/policy,mixed,no,,unclear,"implementation metrics, agency reports, or budget plus rollout evidence",first_pass_toc,new,,,
2025,2025StateoftheStateBook.pdf,Chapter 4: Investing in Safety 33,Chapter 4: Investing in Safety 33,Reclassify Ultra-Heavy Class 3 E-Bikes as Mopeds,,,other,yes,,mixed,First-pass coding from 2025 SOTS table of contents.,2025-048,,,other,mixed,no,,unclear,agency report or official implementation evidence,first_pass_toc,new,,,
2025,2025StateoftheStateBook.pdf,Chapter 4: Investing in Safety 33,Chapter 4: Investing in Safety 33,Allow New York City to Lower Speed Limits in Bike Lanes,,,other,no,,mixed,First-pass coding from 2025 SOTS table of contents.,2025-049,,,other,legislation_required,yes,authorized,street_safety,"executive order, agency launch, or official announcement",first_pass_toc,new,,,
2025,2025StateoftheStateBook.pdf,Chapter 5: Bringing Jobs to New York 42,Chapter 5: Bringing Jobs to New York 42,Promote Opportunity with Electric Readiness for Underdeveloped Properties Fund,,,other,no,,mixed,First-pass coding from 2025 SOTS table of contents.,2025-050,,,other,mixed,no,,unclear,agency report or official implementation evidence,first_pass_toc,continuation,2024-147,Promote Economic Growth Through Investment in the Arts,theme=unclear; shared_terms=promote
2025,2025StateoftheStateBook.pdf,Chapter 5: Bringing Jobs to New York 42,Chapter 5: Bringing Jobs to New York 42,Build Clean Energy Zones,,,program/policy,no,,mixed,First-pass coding from 2025 SOTS table of contents.,2025-051,,,program/policy,mixed,no,,unclear,agency report or official implementation evidence,first_pass_toc,new,,,
2025,2025StateoftheStateBook.pdf,Chapter 5: Bringing Jobs to New York 42,Chapter 5: Bringing Jobs to New York 42,Grow the Semiconductor Industry and Build the Semiconductor Supply Chain,,,program/policy,no,,mixed,First-pass coding from 2025 SOTS table of contents.,2025-052,,,program/policy,mixed,no,,semiconductor_economic_development,agency report or official implementation evidence,first_pass_toc,new,,,
2025,2025StateoftheStateBook.pdf,Chapter 5: Bringing Jobs to New York 42,Chapter 5: Bringing Jobs to New York 42,Double Down on Shovel-Ready Sites for Modern Manufacturing,,,other,yes,Double,mixed,First-pass coding from 2025 SOTS table of contents.,2025-053,,,program/policy,mixed,no,,unclear,agency report or official implementation evidence,first_pass_toc,expansion,2024-139,Invest in Shovel-Ready Sites to Attract Businesses,"theme=unclear; shared_terms=ready, shovel, sites"
2025,2025StateoftheStateBook.pdf,Chapter 5: Bringing Jobs to New York 42,Chapter 5: Bringing Jobs to New York 42,Lead on Innovation Through Empire AI,,,other,no,,mixed,First-pass coding from 2025 SOTS table of contents.,2025-054,,,other,mixed,no,,unclear,agency report or official implementation evidence,first_pass_toc,new,,,
2025,2025StateoftheStateBook.pdf,Chapter 5: Bringing Jobs to New York 42,Chapter 5: Bringing Jobs to New York 42,Turbocharge Hiring by Startups,,,other,no,,mixed,First-pass coding from 2025 SOTS table of contents.,2025-055,,,other,mixed,no,,unclear,agency report or official implementation evidence,first_pass_toc,new,,,
2025,2025StateoftheStateBook.pdf,Chapter 5: Bringing Jobs to New York 42,Chapter 5: Bringing Jobs to New York 42,Support Small Businesses with Low INterest Capital,,,program/policy,no,,mixed,First-pass coding from 2025 SOTS table of contents.,2025-056,,,program/policy,executive_budget,no,,unclear,"implementation metrics, agency reports, or budget plus rollout evidence",first_pass_toc,continuation,2024-144,Help Small Businesses Navigate Environmental Regulations,"theme=unclear; shared_terms=businesses, small"
2025,2025StateoftheStateBook.pdf,Chapter 5: Bringing Jobs to New York 42,Chapter 5: Bringing Jobs to New York 42,Transform Regional Economic Development with High-Impact Projects,,,other,no,,mixed,First-pass coding from 2025 SOTS table of contents.,2025-057,,,other,mixed,no,,unclear,agency report or official implementation evidence,first_pass_toc,continuation,2024-141,Transform Blighted Communities,theme=unclear; shared_terms=transform
2025,2025StateoftheStateBook.pdf,Chapter 5: Bringing Jobs to New York 42,Chapter 5: Bringing Jobs to New York 42,Provide Artificial Intelligence Technical Assistance to Small Businesses,,,other,no,,mixed,First-pass coding from 2025 SOTS table of contents.,2025-058,,,other,mixed,no,,unclear,agency report or official implementation evidence,first_pass_toc,continuation,2024-144,Help Small Businesses Navigate Environmental Regulations,"theme=unclear; shared_terms=businesses, small"
2025,2025StateoftheStateBook.pdf,Chapter 5: Bringing Jobs to New York 42,Chapter 5: Bringing Jobs to New York 42,Increase Capital Access for Underrepresented Startups,,,program/policy,no,,mixed,First-pass coding from 2025 SOTS table of contents.,2025-059,,,program/policy,executive_budget,no,,unclear,"implementation metrics, agency reports, or budget plus rollout evidence",first_pass_toc,expansion,2024-142,Expand Localities' Access to DASNY Construction Services,theme=unclear; shared_terms=access
2025,2025StateoftheStateBook.pdf,Chapter 5: Bringing Jobs to New York 42,Chapter 5: Bringing Jobs to New York 42,Renew our Commitment to Our State's Capital City,,,other,no,,mixed,First-pass coding from 2025 SOTS table of contents.,2025-060,,,other,executive_budget,no,,unclear,agency report or official implementation evidence,first_pass_toc,new,,,
2025,2025StateoftheStateBook.pdf,Chapter 5: Bringing Jobs to New York 42,Chapter 5: Bringing Jobs to New York 42,Enhance Local Food Supply Chains,,,other,no,,mixed,First-pass coding from 2025 SOTS table of contents.,2025-061,,,other,mixed,no,,unclear,agency report or official implementation evidence,first_pass_toc,new,,,
2025,2025StateoftheStateBook.pdf,Chapter 5: Bringing Jobs to New York 42,Chapter 5: Bringing Jobs to New York 42,Position New York as a Regional Leader in Fiber Production,,,other,no,,mixed,First-pass coding from 2025 SOTS table of contents.,2025-062,,,other,mixed,no,,unclear,agency report or official implementation evidence,first_pass_toc,continuation,2024-140,Create One Network for Regional Advanced Manufacturing Partnerships (ON-RAMP),theme=unclear; shared_terms=regional
2025,2025StateoftheStateBook.pdf,Chapter 5: Bringing Jobs to New York 42,Chapter 5: Bringing Jobs to New York 42,Launch a Maple Industry Growth Strategy,,,program/governance,no,,mixed,First-pass coding from 2025 SOTS table of contents.,2025-063,,,program/governance,executive_action,yes,launched,unclear,"executive order, agency launch, or official announcement",first_pass_toc,continuation,2024-147,Promote Economic Growth Through Investment in the Arts,theme=unclear; shared_terms=growth
2025,2025StateoftheStateBook.pdf,Chapter 5: Bringing Jobs to New York 42,Chapter 5: Bringing Jobs to New York 42,Expand Agriculture Education in the New York Schools,,,program/policy,no,,mixed,First-pass coding from 2025 SOTS table of contents.,2025-064,,,program/policy,mixed,no,,food_access_agriculture,"implementation metrics, agency reports, or budget plus rollout evidence",first_pass_toc,expansion,2024-219,Increase Youth Agricultural Leadership and Education Opportunities,theme=food_access_agriculture; shared_terms=education
2025,2025StateoftheStateBook.pdf,Chapter 5: Bringing Jobs to New York 42,Chapter 5: Bringing Jobs to New York 42,Advance the Sustainability of New York's Dairy Industry,,,other,no,,mixed,First-pass coding from 2025 SOTS table of contents.,2025-065,,,other,mixed,no,,unclear,agency report or official implementation evidence,first_pass_toc,new,,,
2025,2025StateoftheStateBook.pdf,Chapter 5: Bringing Jobs to New York 42,Chapter 5: Bringing Jobs to New York 42,Facilitate Advanced Injury Detection for Thoroughbred Racing,,,other,no,,mixed,First-pass coding from 2025 SOTS table of contents.,2025-066,,,other,mixed,no,,unclear,agency report or official implementation evidence,first_pass_toc,continuation,2024-140,Create One Network for Regional Advanced Manufacturing Partnerships (ON-RAMP),theme=unclear; shared_terms=advanced
2025,2025StateoftheStateBook.pdf,Chapter 6: Building an Economy that Works for All 53,Chapter 6: Building an Economy that Works for All 53,Fund Free Community College in High-Demand Occupations,,,funding/tax/benefit,no,,executive_budget,First-pass coding from 2025 SOTS table of contents.,2025-067,,,funding/tax/benefit,executive_budget,no,,unclear,agency report or official implementation evidence,first_pass_toc,new,,,
2025,2025StateoftheStateBook.pdf,Chapter 6: Building an Economy that Works for All 53,Chapter 6: Building an Economy that Works for All 53,Facilitate New Training Pathways into High-Demand Occupations,,,other,no,,mixed,First-pass coding from 2025 SOTS table of contents.,2025-068,,,other,mixed,no,,unclear,agency report or official implementation evidence,first_pass_toc,new,,,
2025,2025StateoftheStateBook.pdf,Chapter 6: Building an Economy that Works for All 53,Chapter 6: Building an Economy that Works for All 53,Create New Registered Apprenticeships and Pre-Apprenticeships in High-Demand Fields,,,program/governance,no,,mixed,First-pass coding from 2025 SOTS table of contents.,2025-069,,,program/governance,executive_action,yes,created,unclear,"executive order, agency launch, or official announcement",first_pass_toc,continuation,2024-148,Expand State Apprenticeships to Youth and Public Service Workers,theme=unclear; shared_terms=apprenticeships
2025,2025StateoftheStateBook.pdf,Chapter 6: Building an Economy that Works for All 53,Chapter 6: Building an Economy that Works for All 53,Expand Cybersecurity Careers with Degree Reform and New Fellowships,,,legislation/regulation,no,,legislation_required,First-pass coding from 2025 SOTS table of contents.,2025-070,,,legislation/regulation,legislation_required,no,,cyber_emergency_response,"implementation metrics, agency reports, or budget plus rollout evidence",first_pass_toc,expansion,2024-223,Expand Cybersecurity Shared Services,theme=cyber_emergency_response; shared_terms=cybersecurity
2025,2025StateoftheStateBook.pdf,Chapter 6: Building an Economy that Works for All 53,Chapter 6: Building an Economy that Works for All 53,Diversify the Artificial Intelligence Pipeline with Artificial Intelligence Prep,,,other,no,,mixed,First-pass coding from 2025 SOTS table of contents.,2025-071,,,other,mixed,no,,unclear,agency report or official implementation evidence,first_pass_toc,new,,,
2025,2025StateoftheStateBook.pdf,Chapter 6: Building an Economy that Works for All 53,Chapter 6: Building an Economy that Works for All 53,"Leverage Federal Support to Expand Health, Behavioral, and Social Care Workforce",,,program/policy,no,,mixed,First-pass coding from 2025 SOTS table of contents.,2025-072,,,program/policy,mixed,no,,unclear,"implementation metrics, agency reports, or budget plus rollout evidence",first_pass_toc,expansion,2024-149,Establish an Office of Workforce Data and Research,theme=unclear; shared_terms=workforce
2025,2025StateoftheStateBook.pdf,Chapter 6: Building an Economy that Works for All 53,Chapter 6: Building an Economy that Works for All 53,Deploy State Funding to Support Healthcare Training Programs,,,program/policy,no,,mixed,First-pass coding from 2025 SOTS table of contents.,2025-073,,,program/policy,executive_budget,mixed,implemented,unclear,"budget appropriation, program awards, or fiscal documents",first_pass_toc,new,,,
2025,2025StateoftheStateBook.pdf,Chapter 6: Building an Economy that Works for All 53,Chapter 6: Building an Economy that Works for All 53,Expand Enforcement Power Following an Unpaid Wage Theft Judgment,,,program/policy,no,,mixed,First-pass coding from 2025 SOTS table of contents.,2025-074,,,program/policy,mixed,no,,unclear,"implementation metrics, agency reports, or budget plus rollout evidence",first_pass_toc,new,,,
2025,2025StateoftheStateBook.pdf,Chapter 6: Building an Economy that Works for All 53,Chapter 6: Building an Economy that Works for All 53,Align Child Labor Law Penalties with Severity of Violation,,,other,no,,mixed,First-pass coding from 2025 SOTS table of contents.,2025-075,,,other,mixed,no,,unclear,agency report or official implementation evidence,first_pass_toc,new,,,
2025,2025StateoftheStateBook.pdf,Chapter 6: Building an Economy that Works for All 53,Chapter 6: Building an Economy that Works for All 53,Support Workers Displaced By Artificial Intelligence,,,program/policy,no,,mixed,First-pass coding from 2025 SOTS table of contents.,2025-076,,,program/policy,mixed,no,,unclear,"implementation metrics, agency reports, or budget plus rollout evidence",first_pass_toc,continuation,2024-151,Protect New York's Workers,theme=unclear; shared_terms=workers
2025,2025StateoftheStateBook.pdf,Chapter 6: Building an Economy that Works for All 53,Chapter 6: Building an Economy that Works for All 53,Expand Access to Medical Care in the Workers' Compensation System,,,program/policy,no,,mixed,First-pass coding from 2025 SOTS table of contents.,2025-077,,,program/policy,mixed,no,,unclear,"implementation metrics, agency reports, or budget plus rollout evidence",first_pass_toc,expansion,2024-151,Protect New York's Workers,theme=unclear; shared_terms=workers
2025,2025StateoftheStateBook.pdf,Chapter 7: Making Government Work Better 60,Chapter 7: Making Government Work Better 60,Convene the Empire State Freedom Initiative,,,program/governance,no,,mixed,First-pass coding from 2025 SOTS table of contents.,2025-078,,,program/governance,mixed,no,,unclear,agency report or official implementation evidence,first_pass_toc,new,,,
2025,2025StateoftheStateBook.pdf,Chapter 7: Making Government Work Better 60,Chapter 7: Making Government Work Better 60,Expand Alternative Project Delivery Methods,,,program/policy,no,,mixed,First-pass coding from 2025 SOTS table of contents.,2025-079,,,program/policy,mixed,no,,unclear,"implementation metrics, agency reports, or budget plus rollout evidence",first_pass_toc,new,,,
2025,2025StateoftheStateBook.pdf,Chapter 7: Making Government Work Better 60,Chapter 7: Making Government Work Better 60,Increase Opportunities for Minority- and Women-Owned Business Enterprises in State Procurement,,,program/policy,no,,mixed,First-pass coding from 2025 SOTS table of contents.,2025-080,,,program/policy,mixed,no,,unclear,"implementation metrics, agency reports, or budget plus rollout evidence",first_pass_toc,expansion,2024-138,WORK AND DO BUSINESS,theme=unclear; shared_terms=business
2025,2025StateoftheStateBook.pdf,Chapter 7: Making Government Work Better 60,Chapter 7: Making Government Work Better 60,Engage the Dormitory Authority to Speed Municipal Projects,,,other,no,,mixed,First-pass coding from 2025 SOTS table of contents.,2025-081,,,other,mixed,no,,unclear,agency report or official implementation evidence,first_pass_toc,new,,,
2025,2025StateoftheStateBook.pdf,Chapter 7: Making Government Work Better 60,Chapter 7: Making Government Work Better 60,Expand Pre-Qualified List Authority,,,program/policy,no,,mixed,First-pass coding from 2025 SOTS table of contents.,2025-082,,,program/policy,mixed,no,,unclear,"implementation metrics, agency reports, or budget plus rollout evidence",first_pass_toc,new,,,
2025,2025StateoftheStateBook.pdf,Chapter 7: Making Government Work Better 60,Chapter 7: Making Government Work Better 60,Streamline Utility Relocations for Metropolitan Transportation Authority,,,other,no,,mixed,First-pass coding from 2025 SOTS table of contents.,2025-083,,,other,mixed,no,,unclear,agency report or official implementation evidence,first_pass_toc,new,,,
2025,2025StateoftheStateBook.pdf,Chapter 7: Making Government Work Better 60,Chapter 7: Making Government Work Better 60,Digitize Youth Working Papers,,,other,no,,mixed,First-pass coding from 2025 SOTS table of contents.,2025-084,,,other,mixed,no,,unclear,agency report or official implementation evidence,first_pass_toc,continuation,2024-148,Expand State Apprenticeships to Youth and Public Service Workers,theme=unclear; shared_terms=youth
2025,2025StateoftheStateBook.pdf,Chapter 7: Making Government Work Better 60,Chapter 7: Making Government Work Better 60,Improve Tracking and Transparency for State Assets and Capital Projects,,,program/policy,no,,mixed,First-pass coding from 2025 SOTS table of contents.,2025-085,,,program/policy,executive_budget,no,,unclear,"implementation metrics, agency reports, or budget plus rollout evidence",first_pass_toc,new,,,
2025,2025StateoftheStateBook.pdf,Chapter 7: Making Government Work Better 60,Chapter 7: Making Government Work Better 60,Create a State Office of Innovation and Efficiency,,,program/governance,no,,mixed,First-pass coding from 2025 SOTS table of contents.,2025-086,,,program/governance,executive_action,yes,created,unclear,"executive order, agency launch, or official announcement",first_pass_toc,continuation,2024-149,Establish an Office of Workforce Data and Research,theme=unclear; shared_terms=office
2025,2025StateoftheStateBook.pdf,Chapter 7: Making Government Work Better 60,Chapter 7: Making Government Work Better 60,Embrace a Circular Economy at the Empire State Plaza,,,other,no,,mixed,First-pass coding from 2025 SOTS table of contents.,2025-087,,,other,mixed,no,,unclear,agency report or official implementation evidence,first_pass_toc,new,,,
2025,2025StateoftheStateBook.pdf,Chapter 7: Making Government Work Better 60,Chapter 7: Making Government Work Better 60,Recruit New Talent and Modernize the Civil Service System,,,legislation/regulation,no,,legislation_required,First-pass coding from 2025 SOTS table of contents.,2025-088,,,legislation/regulation,legislation_required,no,,unclear,agency report or official implementation evidence,first_pass_toc,follow_on,2024-148,Expand State Apprenticeships to Youth and Public Service Workers,theme=unclear; shared_terms=service
2025,2025StateoftheStateBook.pdf,Chapter 7: Making Government Work Better 60,Chapter 7: Making Government Work Better 60,Increase Access to Government Services,,,program/policy,no,,mixed,First-pass coding from 2025 SOTS table of contents.,2025-089,,,program/policy,mixed,no,,unclear,"implementation metrics, agency reports, or budget plus rollout evidence",first_pass_toc,expansion,2024-142,Expand Localities' Access to DASNY Construction Services,"theme=unclear; shared_terms=access, services"
2025,2025StateoftheStateBook.pdf,Chapter 7: Making Government Work Better 60,Chapter 7: Making Government Work Better 60,Mandate Reporting of Local Government Cyber Incidents,,,legislation/regulation,no,,legislation_required,First-pass coding from 2025 SOTS table of contents.,2025-090,,,legislation/regulation,legislation_required,no,,cyber_emergency_response,agency report or official implementation evidence,first_pass_toc,continuation,2024-157,Strengthen Hospital Cyber Resilience,theme=cyber_emergency_response; shared_terms=cyber
2025,2025StateoftheStateBook.pdf,Chapter 7: Making Government Work Better 60,Chapter 7: Making Government Work Better 60,Require Cybersecurity Awareness Training for Government Employees,,,legislation/regulation,no,,legislation_required,First-pass coding from 2025 SOTS table of contents.,2025-091,,,legislation/regulation,legislation_required,no,,cyber_emergency_response,agency report or official implementation evidence,first_pass_toc,continuation,2024-223,Expand Cybersecurity Shared Services,theme=cyber_emergency_response; shared_terms=cybersecurity
2025,2025StateoftheStateBook.pdf,Chapter 7: Making Government Work Better 60,Chapter 7: Making Government Work Better 60,Bolster the Security of Networks Statewide,,,other,no,,mixed,First-pass coding from 2025 SOTS table of contents.,2025-092,,,other,mixed,no,,unclear,agency report or official implementation evidence,first_pass_toc,new,,,
2025,2025StateoftheStateBook.pdf,Chapter 7: Making Government Work Better 60,Chapter 7: Making Government Work Better 60,Safeguard New York's Water Infrastructure,,,other,no,,mixed,First-pass coding from 2025 SOTS table of contents.,2025-093,,,other,mixed,no,,unclear,agency report or official implementation evidence,first_pass_toc,new,,,
2025,2025StateoftheStateBook.pdf,Chapter 7: Making Government Work Better 60,Chapter 7: Making Government Work Better 60,Expand and Extend Public Broadband and Cell Service,,,program/policy,no,,mixed,First-pass coding from 2025 SOTS table of contents.,2025-094,,,program/policy,mixed,no,,unclear,"implementation metrics, agency reports, or budget plus rollout evidence",first_pass_toc,expansion,2024-148,Expand State Apprenticeships to Youth and Public Service Workers,"theme=unclear; shared_terms=public, service"
2025,2025StateoftheStateBook.pdf,Chapter 7: Making Government Work Better 60,Chapter 7: Making Government Work Better 60,Provide Artificial Intelligence Upskilling for State Workforce,,,other,no,,mixed,First-pass coding from 2025 SOTS table of contents.,2025-095,,,other,mixed,no,,unclear,agency report or official implementation evidence,first_pass_toc,continuation,2024-149,Establish an Office of Workforce Data and Research,theme=unclear; shared_terms=workforce
2025,2025StateoftheStateBook.pdf,Chapter 8: Growing Housing to Drive Affordability 69,Chapter 8: Growing Housing to Drive Affordability 69,Provide Starter Home Innovation Funding,,,other,no,,mixed,First-pass coding from 2025 SOTS table of contents.,2025-096,,,other,executive_budget,no,,unclear,"budget appropriation, program awards, or fiscal documents",first_pass_toc,new,,,
2025,2025StateoftheStateBook.pdf,Chapter 8: Growing Housing to Drive Affordability 69,Chapter 8: Growing Housing to Drive Affordability 69,Support First-Time Homebuyers' Down Payment Assistance,,,funding/tax/benefit,no,,executive_budget,First-pass coding from 2025 SOTS table of contents.,2025-097,,,funding/tax/benefit,executive_budget,no,,unclear,"implementation metrics, agency reports, or budget plus rollout evidence",first_pass_toc,new,,,
2025,2025StateoftheStateBook.pdf,Chapter 8: Growing Housing to Drive Affordability 69,Chapter 8: Growing Housing to Drive Affordability 69,Create an Affordable Homebuyer Tax Incentive,,,program/governance,no,,executive_budget,First-pass coding from 2025 SOTS table of contents.,2025-098,,,program/governance,executive_action,yes,created,unclear,"executive order, agency launch, or official announcement",first_pass_toc,new,,,
2025,2025StateoftheStateBook.pdf,Chapter 8: Growing Housing to Drive Affordability 69,Chapter 8: Growing Housing to Drive Affordability 69,Disincentivize Bulk Purchases of Homes by Institutional Investor,,,other,no,,mixed,First-pass coding from 2025 SOTS table of contents.,2025-099,,,other,mixed,no,,unclear,agency report or official implementation evidence,first_pass_toc,new,,,
2025,2025StateoftheStateBook.pdf,Chapter 8: Growing Housing to Drive Affordability 69,Chapter 8: Growing Housing to Drive Affordability 69,Strengthen Laws and Policies to Combat Home Appraisal Discrimination,,,program/policy,no,,mixed,First-pass coding from 2025 SOTS table of contents.,2025-100,,,program/policy,mixed,no,,unclear,"implementation metrics, agency reports, or budget plus rollout evidence",first_pass_toc,new,,,
2025,2025StateoftheStateBook.pdf,Chapter 8: Growing Housing to Drive Affordability 69,Chapter 8: Growing Housing to Drive Affordability 69,Create a Pro-Housing Supply Infrastructure Fund,HCR,,program/governance,no,,mixed,First-pass coding from 2025 SOTS table of contents.,2025-101,HCR,,program/governance,executive_action,yes,created,unclear,"executive order, agency launch, or official announcement",first_pass_toc,new,,,
2025,2025StateoftheStateBook.pdf,Chapter 8: Growing Housing to Drive Affordability 69,Chapter 8: Growing Housing to Drive Affordability 69,Provide Communities Technical Assistance to Be Pro-Housing,HCR,,other,no,,mixed,First-pass coding from 2025 SOTS table of contents.,2025-102,HCR,,other,mixed,no,,unclear,agency report or official implementation evidence,first_pass_toc,continuation,2024-141,Transform Blighted Communities,theme=unclear; shared_terms=communities
2025,2025StateoftheStateBook.pdf,Chapter 8: Growing Housing to Drive Affordability 69,Chapter 8: Growing Housing to Drive Affordability 69,Streamline Environmental Review for Modest Housing Development,HCR,,other,no,,mixed,First-pass coding from 2025 SOTS table of contents.,2025-103,HCR,,other,mixed,no,,unclear,agency report or official implementation evidence,first_pass_toc,continuation,2024-144,Help Small Businesses Navigate Environmental Regulations,theme=unclear; shared_terms=environmental
2025,2025StateoftheStateBook.pdf,Chapter 8: Growing Housing to Drive Affordability 69,Chapter 8: Growing Housing to Drive Affordability 69,Launch New York State's First Mixed-Income Revolving Loan Fund,,,program/governance,no,,mixed,First-pass coding from 2025 SOTS table of contents.,2025-104,,,program/governance,executive_action,yes,launched,unclear,"executive order, agency launch, or official announcement",first_pass_toc,new,,,
2025,2025StateoftheStateBook.pdf,Chapter 8: Growing Housing to Drive Affordability 69,Chapter 8: Growing Housing to Drive Affordability 69,Double New York State Low Income Housing Credits,HCR,,other,yes,Double,mixed,First-pass coding from 2025 SOTS table of contents.,2025-105,HCR,,program/policy,mixed,no,,unclear,agency report or official implementation evidence,first_pass_toc,new,,,
2025,2025StateoftheStateBook.pdf,Chapter 8: Growing Housing to Drive Affordability 69,Chapter 8: Growing Housing to Drive Affordability 69,Unlock Historic Tax Credits by Decoupling and Expanding Eligibility,,,funding/tax/benefit,no,,executive_budget,First-pass coding from 2025 SOTS table of contents.,2025-106,,,funding/tax/benefit,executive_budget,no,,unclear,"budget appropriation, program awards, or fiscal documents",first_pass_toc,new,,,
2025,2025StateoftheStateBook.pdf,Chapter 8: Growing Housing to Drive Affordability 69,Chapter 8: Growing Housing to Drive Affordability 69,Empower Communities to Redevelop Vacant Properties into Housing,HCR,,other,no,,mixed,First-pass coding from 2025 SOTS table of contents.,2025-107,HCR,,other,mixed,no,,unclear,agency report or official implementation evidence,first_pass_toc,continuation,2024-141,Transform Blighted Communities,theme=unclear; shared_terms=communities
2025,2025StateoftheStateBook.pdf,Chapter 8: Growing Housing to Drive Affordability 69,Chapter 8: Growing Housing to Drive Affordability 69,Expand Affordable Farmworker Housing,HCR,,program/policy,no,,mixed,First-pass coding from 2025 SOTS table of contents.,2025-108,HCR,,program/policy,mixed,no,,unclear,"implementation metrics, agency reports, or budget plus rollout evidence",first_pass_toc,new,,,
2025,2025StateoftheStateBook.pdf,Chapter 8: Growing Housing to Drive Affordability 69,Chapter 8: Growing Housing to Drive Affordability 69,Ban Collusion Using of Algorithm-Enabled Rent Price Fixing,,,legislation/regulation,no,,legislation_required,First-pass coding from 2025 SOTS table of contents.,2025-109,,,legislation/regulation,legislation_required,no,,unclear,agency report or official implementation evidence,first_pass_toc,new,,,
2025,2025StateoftheStateBook.pdf,Chapter 8: Growing Housing to Drive Affordability 69,Chapter 8: Growing Housing to Drive Affordability 69,Reduce Shelter Rent Taxes for Mitchell-Lama Residents,,,other,no,,mixed,First-pass coding from 2025 SOTS table of contents.,2025-110,,,other,mixed,no,,unclear,"implementation metrics, agency reports, or budget plus rollout evidence",first_pass_toc,new,,,
2025,2025StateoftheStateBook.pdf,Chapter 8: Growing Housing to Drive Affordability 69,Chapter 8: Growing Housing to Drive Affordability 69,Expand Capital to Maintain and Improve Supportive Housing,HCR,OMH,program/policy,no,,mixed,First-pass coding from 2025 SOTS table of contents.,2025-111,HCR,OMH,program/policy,executive_budget,no,,mental_health_supportive_housing,"implementation metrics, agency reports, or budget plus rollout evidence",first_pass_toc,expansion,2024-011,Fund Specialized Housing for People with Serious Mental Illness and Criminal History,theme=mental_health_supportive_housing; shared_terms=housing
2025,2025StateoftheStateBook.pdf,Chapter 8: Growing Housing to Drive Affordability 69,Chapter 8: Growing Housing to Drive Affordability 69,Increase Funding for Supportive Housing,HCR,OMH,program/policy,no,,mixed,First-pass coding from 2025 SOTS table of contents.,2025-112,HCR,OMH,program/policy,executive_budget,no,,mental_health_supportive_housing,"budget appropriation, program awards, or fiscal documents",first_pass_toc,expansion,2024-011,Fund Specialized Housing for People with Serious Mental Illness and Criminal History,theme=mental_health_supportive_housing; shared_terms=housing
2025,2025StateoftheStateBook.pdf,Chapter 8: Growing Housing to Drive Affordability 69,Chapter 8: Growing Housing to Drive Affordability 69,Extend Security Deposit Protections to Rent-Regulated Tenants,,,other,no,,mixed,First-pass coding from 2025 SOTS table of contents.,2025-113,,,other,mixed,no,,unclear,agency report or official implementation evidence,first_pass_toc,new,,,
2025,2025StateoftheStateBook.pdf,Chapter 8: Growing Housing to Drive Affordability 69,Chapter 8: Growing Housing to Drive Affordability 69,Help Affordable Housing Access Captive Insurance to Lower Costs,HCR,,other,no,,mixed,First-pass coding from 2025 SOTS table of contents.,2025-114,HCR,,other,mixed,no,,unclear,agency report or official implementation evidence,first_pass_toc,continuation,2024-142,Expand Localities' Access to DASNY Construction Services,theme=unclear; shared_terms=access
2025,2025StateoftheStateBook.pdf,Chapter 9: Cutting Commutes 78,Chapter 9: Cutting Commutes 78,Make the Biggest Capital Investment in New York's Transportation History,,,other,no,,mixed,First-pass coding from 2025 SOTS table of contents.,2025-115,,,other,executive_budget,no,,unclear,"budget appropriation, program awards, or fiscal documents",first_pass_toc,continuation,2024-147,Promote Economic Growth Through Investment in the Arts,theme=unclear; shared_terms=investment
2025,2025StateoftheStateBook.pdf,Chapter 9: Cutting Commutes 78,Chapter 9: Cutting Commutes 78,Advance Second Avenue Subway and Other Major Transit Improvements,,,other,no,,mixed,First-pass coding from 2025 SOTS table of contents.,2025-116,,,other,mixed,no,,unclear,"implementation metrics, agency reports, or budget plus rollout evidence",first_pass_toc,new,,,
2025,2025StateoftheStateBook.pdf,Chapter 9: Cutting Commutes 78,Chapter 9: Cutting Commutes 78,Enhance Subway Safety with Expanded Security and Outreach Measures,,,other,no,,mixed,First-pass coding from 2025 SOTS table of contents.,2025-117,,,other,mixed,no,,unclear,"implementation metrics, agency reports, or budget plus rollout evidence",first_pass_toc,new,,,
2025,2025StateoftheStateBook.pdf,Chapter 9: Cutting Commutes 78,Chapter 9: Cutting Commutes 78,Invest in New York Roads and Statewide Transit,,,funding/tax/benefit,no,,executive_budget,First-pass coding from 2025 SOTS table of contents.,2025-118,,,funding/tax/benefit,executive_budget,no,,unclear,agency report or official implementation evidence,first_pass_toc,continuation,2024-139,Invest in Shovel-Ready Sites to Attract Businesses,theme=unclear; shared_terms=invest
2025,2025StateoftheStateBook.pdf,Chapter 9: Cutting Commutes 78,Chapter 9: Cutting Commutes 78,"Modernize Rail Service for Faster, More Reliable Travel",,,legislation/regulation,no,,legislation_required,First-pass coding from 2025 SOTS table of contents.,2025-119,,,legislation/regulation,legislation_required,no,,unclear,agency report or official implementation evidence,first_pass_toc,follow_on,2024-148,Expand State Apprenticeships to Youth and Public Service Workers,theme=unclear; shared_terms=service
2025,2025StateoftheStateBook.pdf,Chapter 9: Cutting Commutes 78,Chapter 9: Cutting Commutes 78,Reconnect Communities in Albany and the Bronx,,,other,no,,mixed,First-pass coding from 2025 SOTS table of contents.,2025-120,,,other,mixed,no,,unclear,agency report or official implementation evidence,first_pass_toc,continuation,2024-141,Transform Blighted Communities,theme=unclear; shared_terms=communities
2025,2025StateoftheStateBook.pdf,Chapter 10: Protecting Consumers 83,Chapter 10: Protecting Consumers 83,Fight Back Against Algorithmic Price Discrimination,,,other,no,,mixed,First-pass coding from 2025 SOTS table of contents.,2025-121,,,other,mixed,no,,unclear,agency report or official implementation evidence,first_pass_toc,new,,,
2025,2025StateoftheStateBook.pdf,Chapter 10: Protecting Consumers 83,Chapter 10: Protecting Consumers 83,Standardize Returns and Refunds,,,funding/tax/benefit,no,,executive_budget,First-pass coding from 2025 SOTS table of contents.,2025-122,,,funding/tax/benefit,executive_budget,no,,unclear,agency report or official implementation evidence,first_pass_toc,new,,,
2025,2025StateoftheStateBook.pdf,Chapter 10: Protecting Consumers 83,Chapter 10: Protecting Consumers 83,Enhance Oversight of Buy Now Pay Later Loans,,,other,no,,mixed,First-pass coding from 2025 SOTS table of contents.,2025-123,,,other,mixed,no,,unclear,agency report or official implementation evidence,first_pass_toc,new,,,
2025,2025StateoftheStateBook.pdf,Chapter 10: Protecting Consumers 83,Chapter 10: Protecting Consumers 83,Strengthen Subscription Cancellation and Renewal Protections,,,program/policy,no,,mixed,First-pass coding from 2025 SOTS table of contents.,2025-124,,,program/policy,mixed,no,,unclear,"implementation metrics, agency reports, or budget plus rollout evidence",first_pass_toc,new,,,
2025,2025StateoftheStateBook.pdf,Chapter 10: Protecting Consumers 83,Chapter 10: Protecting Consumers 83,Bolster Protections Against Overdraft and Non-Sufficient Funds Fees,,,other,no,,mixed,First-pass coding from 2025 SOTS table of contents.,2025-125,,,other,mixed,no,,unclear,agency report or official implementation evidence,first_pass_toc,new,,,
2025,2025StateoftheStateBook.pdf,Chapter 10: Protecting Consumers 83,Chapter 10: Protecting Consumers 83,Hold Energy Service Companies Accountable for Revenue Return,,,other,no,,mixed,First-pass coding from 2025 SOTS table of contents.,2025-126,,,other,mixed,no,,unclear,agency report or official implementation evidence,first_pass_toc,continuation,2024-148,Expand State Apprenticeships to Youth and Public Service Workers,theme=unclear; shared_terms=service
2025,2025StateoftheStateBook.pdf,Chapter 10: Protecting Consumers 83,Chapter 10: Protecting Consumers 83,Combat Elder Financial Exploitation,,,other,no,,mixed,First-pass coding from 2025 SOTS table of contents.,2025-127,,,other,mixed,no,,unclear,agency report or official implementation evidence,first_pass_toc,new,,,
2025,2025StateoftheStateBook.pdf,"Chapter 11: Supporting Survivors of Sexual Assault, Gender-Based Violence, and Sex","Chapter 11: Supporting Survivors of Sexual Assault, Gender-Based Violence, and Sex",Trafficking,,,other,no,,mixed,First-pass coding from 2025 SOTS table of contents.,2025-128,,,other,mixed,no,,unclear,agency report or official implementation evidence,first_pass_toc,new,,,
2025,2025StateoftheStateBook.pdf,"Chapter 11: Supporting Survivors of Sexual Assault, Gender-Based Violence, and Sex","Chapter 11: Supporting Survivors of Sexual Assault, Gender-Based Violence, and Sex",Require Access to Trained Forensic Medical Examiners at All Hospitals,,,legislation/regulation,no,,legislation_required,First-pass coding from 2025 SOTS table of contents.,2025-129,,,legislation/regulation,legislation_required,no,,unclear,agency report or official implementation evidence,first_pass_toc,continuation,2024-142,Expand Localities' Access to DASNY Construction Services,theme=unclear; shared_terms=access
2025,2025StateoftheStateBook.pdf,"Chapter 11: Supporting Survivors of Sexual Assault, Gender-Based Violence, and Sex","Chapter 11: Supporting Survivors of Sexual Assault, Gender-Based Violence, and Sex",Increase Funding for Rape Crisis Programs,,,program/policy,no,,mixed,First-pass coding from 2025 SOTS table of contents.,2025-130,,,program/policy,executive_budget,no,,unclear,"budget appropriation, program awards, or fiscal documents",first_pass_toc,new,,,
2025,2025StateoftheStateBook.pdf,"Chapter 11: Supporting Survivors of Sexual Assault, Gender-Based Violence, and Sex","Chapter 11: Supporting Survivors of Sexual Assault, Gender-Based Violence, and Sex",Expand Statewide Targeted Reductions in Intimate Partner Violence,,,program/policy,no,,mixed,First-pass coding from 2025 SOTS table of contents.,2025-131,,,program/policy,mixed,no,,unclear,"implementation metrics, agency reports, or budget plus rollout evidence",first_pass_toc,new,,,
2025,2025StateoftheStateBook.pdf,"Chapter 11: Supporting Survivors of Sexual Assault, Gender-Based Violence, and Sex","Chapter 11: Supporting Survivors of Sexual Assault, Gender-Based Violence, and Sex",Dispossess Domestic Violence Abusers of Firearms,,,other,no,,mixed,First-pass coding from 2025 SOTS table of contents.,2025-132,,,other,mixed,no,,unclear,agency report or official implementation evidence,first_pass_toc,new,,,
2025,2025StateoftheStateBook.pdf,"Chapter 11: Supporting Survivors of Sexual Assault, Gender-Based Violence, and Sex","Chapter 11: Supporting Survivors of Sexual Assault, Gender-Based Violence, and Sex",Create Safer Workplaces for Survivors of Gender-Based Violence,,,program/governance,no,,mixed,First-pass coding from 2025 SOTS table of contents.,2025-133,,,program/governance,executive_action,yes,created,unclear,"executive order, agency launch, or official announcement",first_pass_toc,new,,,
2025,2025StateoftheStateBook.pdf,"Chapter 11: Supporting Survivors of Sexual Assault, Gender-Based Violence, and Sex","Chapter 11: Supporting Survivors of Sexual Assault, Gender-Based Violence, and Sex",Improve Access to Public Assistance for Survivors of Gender-Based Violence,,,program/policy,no,,mixed,First-pass coding from 2025 SOTS table of contents.,2025-134,,,program/policy,mixed,no,,unclear,"implementation metrics, agency reports, or budget plus rollout evidence",first_pass_toc,follow_on,2024-142,Expand Localities' Access to DASNY Construction Services,theme=unclear; shared_terms=access
2025,2025StateoftheStateBook.pdf,"Chapter 11: Supporting Survivors of Sexual Assault, Gender-Based Violence, and Sex","Chapter 11: Supporting Survivors of Sexual Assault, Gender-Based Violence, and Sex",Eliminate the Statute of Limitations for Sex Trafficking Cases,,,other,no,,mixed,First-pass coding from 2025 SOTS table of contents.,2025-135,,,other,mixed,no,,unclear,agency report or official implementation evidence,first_pass_toc,new,,,
2025,2025StateoftheStateBook.pdf,"Chapter 11: Supporting Survivors of Sexual Assault, Gender-Based Violence, and Sex","Chapter 11: Supporting Survivors of Sexual Assault, Gender-Based Violence, and Sex",Add Classification of Intellectual Disability as a Means of Trafficking,,,other,no,,mixed,First-pass coding from 2025 SOTS table of contents.,2025-136,,,other,mixed,no,,unclear,agency report or official implementation evidence,first_pass_toc,new,,,
2025,2025StateoftheStateBook.pdf,Chapter 12: Investing in Mental Health 92,Chapter 12: Investing in Mental Health 92,Modernize Mental Hygiene Law to Expand Access to Care,,,legislation/regulation,no,,legislation_required,First-pass coding from 2025 SOTS table of contents.,2025-137,,,legislation/regulation,legislation_required,no,,unclear,"implementation metrics, agency reports, or budget plus rollout evidence",first_pass_toc,expansion,2024-142,Expand Localities' Access to DASNY Construction Services,theme=unclear; shared_terms=access
2025,2025StateoftheStateBook.pdf,Chapter 12: Investing in Mental Health 92,Chapter 12: Investing in Mental Health 92,Streamline County Oversight and Enhance Funding,,,other,no,,mixed,First-pass coding from 2025 SOTS table of contents.,2025-138,,,other,executive_budget,no,,unclear,"budget appropriation, program awards, or fiscal documents",first_pass_toc,new,,,
2025,2025StateoftheStateBook.pdf,Chapter 12: Investing in Mental Health 92,Chapter 12: Investing in Mental Health 92,Expand Intensive and Sustained Engagement Teams,,,program/policy,no,,mixed,First-pass coding from 2025 SOTS table of contents.,2025-139,,,program/policy,mixed,no,,unclear,"implementation metrics, agency reports, or budget plus rollout evidence",first_pass_toc,new,,,
2025,2025StateoftheStateBook.pdf,Chapter 12: Investing in Mental Health 92,Chapter 12: Investing in Mental Health 92,Create a Hospital-Based Peer Bridger Program,,,program/governance,no,,mixed,First-pass coding from 2025 SOTS table of contents.,2025-140,,,program/governance,executive_action,yes,created,unclear,"executive order, agency launch, or official announcement",first_pass_toc,continuation,2024-150,Expand the Teacher Ambassador Program,theme=unclear; shared_terms=program
2025,2025StateoftheStateBook.pdf,Chapter 12: Investing in Mental Health 92,Chapter 12: Investing in Mental Health 92,Add Street Medicine and Psychiatry to Safe Options Support Teams,,,program/policy,no,,mixed,First-pass coding from 2025 SOTS table of contents.,2025-141,,,program/policy,mixed,no,,unclear,"implementation metrics, agency reports, or budget plus rollout evidence",first_pass_toc,new,,,
2025,2025StateoftheStateBook.pdf,Chapter 12: Investing in Mental Health 92,Chapter 12: Investing in Mental Health 92,Expand the Network of Clubhouse Programs and Youth Safe Spaces,,,program/policy,no,,mixed,First-pass coding from 2025 SOTS table of contents.,2025-142,,,program/policy,mixed,no,,unclear,"implementation metrics, agency reports, or budget plus rollout evidence",first_pass_toc,expansion,2024-148,Expand State Apprenticeships to Youth and Public Service Workers,theme=unclear; shared_terms=youth
2025,2025StateoftheStateBook.pdf,Chapter 12: Investing in Mental Health 92,Chapter 12: Investing in Mental Health 92,Provide High School Students with Teen Mental Health First Aid Training,,,other,no,,mixed,First-pass coding from 2025 SOTS table of contents.,2025-143,,,other,mixed,no,,unclear,agency report or official implementation evidence,first_pass_toc,new,,,
2025,2025StateoftheStateBook.pdf,Chapter 12: Investing in Mental Health 92,Chapter 12: Investing in Mental Health 92,Support Youth Mental Health in After-School Programs,,,program/policy,no,,mixed,First-pass coding from 2025 SOTS table of contents.,2025-144,,,program/policy,mixed,no,,mental_health_youth,"implementation metrics, agency reports, or budget plus rollout evidence",first_pass_toc,continuation,2024-022,Convene Youth Mental Health Advisory Boards,"theme=mental_health_youth; shared_terms=health, mental, youth"
2025,2025StateoftheStateBook.pdf,Chapter 12: Investing in Mental Health 92,Chapter 12: Investing in Mental Health 92,Improve Diagnoses for Children with Complex Clinical Needs,,,program/policy,no,,mixed,First-pass coding from 2025 SOTS table of contents.,2025-145,,,program/policy,mixed,no,,unclear,"implementation metrics, agency reports, or budget plus rollout evidence",first_pass_toc,new,,,
2025,2025StateoftheStateBook.pdf,Chapter 12: Investing in Mental Health 92,Chapter 12: Investing in Mental Health 92,Hold Health Insurance Companies Accountable,,,other,no,,mixed,First-pass coding from 2025 SOTS table of contents.,2025-146,,,other,mixed,no,,unclear,agency report or official implementation evidence,first_pass_toc,new,,,
2025,2025StateoftheStateBook.pdf,Chapter 12: Investing in Mental Health 92,Chapter 12: Investing in Mental Health 92,Support Community-Determined Wellness in Historically Marginalized Neighborhoods,,,program/policy,no,,mixed,First-pass coding from 2025 SOTS table of contents.,2025-147,,,program/policy,mixed,no,,unclear,"implementation metrics, agency reports, or budget plus rollout evidence",first_pass_toc,new,,,
2025,2025StateoftheStateBook.pdf,Chapter 13: Investing in Health 98,Chapter 13: Investing in Health 98,Sustain the Reproductive Freedom and Equity Grant Fund,,,funding/tax/benefit,no,,executive_budget,First-pass coding from 2025 SOTS table of contents.,2025-148,,,funding/tax/benefit,executive_budget,no,,reproductive_rights,"budget appropriation, program awards, or fiscal documents",first_pass_toc,new,,,
2025,2025StateoftheStateBook.pdf,Chapter 13: Investing in Health 98,Chapter 13: Investing in Health 98,Strengthen Reproductive Healthcare Infrastructure,,,program/policy,no,,mixed,First-pass coding from 2025 SOTS table of contents.,2025-149,,,program/policy,mixed,no,,reproductive_rights,"implementation metrics, agency reports, or budget plus rollout evidence",first_pass_toc,new,,,
2025,2025StateoftheStateBook.pdf,Chapter 13: Investing in Health 98,Chapter 13: Investing in Health 98,Fairly Reimburse Providers for Abortion Services,,,funding/tax/benefit,no,,mixed,First-pass coding from 2025 SOTS table of contents.,2025-150,,,funding/tax/benefit,mixed,no,,reproductive_rights,agency report or official implementation evidence,first_pass_toc,continuation,2024-175,Alleviate Burden and Data Privacy Concerns for Abortion Providers,"theme=reproductive_rights; shared_terms=abortion, providers"
2025,2025StateoftheStateBook.pdf,Chapter 13: Investing in Health 98,Chapter 13: Investing in Health 98,Safeguard Abortion as Emergency Medical Care,,,other,no,,mixed,First-pass coding from 2025 SOTS table of contents.,2025-151,,,other,mixed,no,,reproductive_rights,agency report or official implementation evidence,first_pass_toc,continuation,2024-175,Alleviate Burden and Data Privacy Concerns for Abortion Providers,theme=reproductive_rights; shared_terms=abortion
2025,2025StateoftheStateBook.pdf,Chapter 13: Investing in Health 98,Chapter 13: Investing in Health 98,Protect the Identity of Medication Abortion Prescribers,,,program/policy,no,,mixed,First-pass coding from 2025 SOTS table of contents.,2025-152,,,program/policy,mixed,no,,reproductive_rights,agency report or official implementation evidence,first_pass_toc,continuation,2024-175,Alleviate Burden and Data Privacy Concerns for Abortion Providers,theme=reproductive_rights; shared_terms=abortion
2025,2025StateoftheStateBook.pdf,Chapter 13: Investing in Health 98,Chapter 13: Investing in Health 98,Extend the Safety Net Transformation Program,,,other,no,,mixed,First-pass coding from 2025 SOTS table of contents.,2025-153,,,other,mixed,mixed,implemented,unclear,agency report or official implementation evidence,first_pass_toc,continuation,2024-150,Expand the Teacher Ambassador Program,theme=unclear; shared_terms=program
2025,2025StateoftheStateBook.pdf,Chapter 13: Investing in Health 98,Chapter 13: Investing in Health 98,Expand Access to Infertility Treatments,,,program/policy,no,,mixed,First-pass coding from 2025 SOTS table of contents.,2025-154,,,program/policy,mixed,no,,unclear,"implementation metrics, agency reports, or budget plus rollout evidence",first_pass_toc,expansion,2024-142,Expand Localities' Access to DASNY Construction Services,theme=unclear; shared_terms=access
2025,2025StateoftheStateBook.pdf,Chapter 13: Investing in Health 98,Chapter 13: Investing in Health 98,Increase Access to Lifesaving Obesity Drugs,,,program/policy,no,,mixed,First-pass coding from 2025 SOTS table of contents.,2025-155,,,program/policy,mixed,no,,unclear,"implementation metrics, agency reports, or budget plus rollout evidence",first_pass_toc,expansion,2024-142,Expand Localities' Access to DASNY Construction Services,theme=unclear; shared_terms=access
2025,2025StateoftheStateBook.pdf,Chapter 13: Investing in Health 98,Chapter 13: Investing in Health 98,Ensure Access to Emergency Medical Services,,,other,no,,mixed,First-pass coding from 2025 SOTS table of contents.,2025-156,,,other,mixed,no,,primary_care_and_ems,agency report or official implementation evidence,first_pass_toc,follow_on,2024-158,Modernize Emergency Medical Services,"theme=primary_care_and_ems; shared_terms=emergency, medical, services"
2025,2025StateoftheStateBook.pdf,Chapter 13: Investing in Health 98,Chapter 13: Investing in Health 98,Expand Access to Dental Care,,,program/policy,no,,mixed,First-pass coding from 2025 SOTS table of contents.,2025-157,,,program/policy,mixed,no,,unclear,"implementation metrics, agency reports, or budget plus rollout evidence",first_pass_toc,expansion,2024-142,Expand Localities' Access to DASNY Construction Services,theme=unclear; shared_terms=access
2025,2025StateoftheStateBook.pdf,Chapter 13: Investing in Health 98,Chapter 13: Investing in Health 98,Strengthen Reporting Requirements for Healthcare Investors,,,program/policy,no,,mixed,First-pass coding from 2025 SOTS table of contents.,2025-158,,,program/policy,mixed,no,,unclear,"implementation metrics, agency reports, or budget plus rollout evidence",first_pass_toc,new,,,
2025,2025StateoftheStateBook.pdf,Chapter 13: Investing in Health 98,Chapter 13: Investing in Health 98,Build New Health Planning and Data Transparency Capacity,,,program/policy,no,,mixed,First-pass coding from 2025 SOTS table of contents.,2025-159,,,program/policy,mixed,no,,unclear,agency report or official implementation evidence,first_pass_toc,continuation,2024-149,Establish an Office of Workforce Data and Research,theme=unclear; shared_terms=data
2025,2025StateoftheStateBook.pdf,Chapter 13: Investing in Health 98,Chapter 13: Investing in Health 98,Remove Unnecessary Restrictions on Healthcare Workers,,,other,no,,mixed,First-pass coding from 2025 SOTS table of contents.,2025-160,,,other,mixed,no,,unclear,agency report or official implementation evidence,first_pass_toc,continuation,2024-151,Protect New York's Workers,theme=unclear; shared_terms=workers
2025,2025StateoftheStateBook.pdf,Chapter 13: Investing in Health 98,Chapter 13: Investing in Health 98,Expand Access to Air Conditioning Units for People with Chronic Conditions,,,program/policy,no,,mixed,First-pass coding from 2025 SOTS table of contents.,2025-161,,,program/policy,mixed,no,,unclear,"implementation metrics, agency reports, or budget plus rollout evidence",first_pass_toc,expansion,2024-142,Expand Localities' Access to DASNY Construction Services,theme=unclear; shared_terms=access
2025,2025StateoftheStateBook.pdf,Chapter 13: Investing in Health 98,Chapter 13: Investing in Health 98,Advance Health Equity for Justice-Involved Youth,,,other,no,,mixed,First-pass coding from 2025 SOTS table of contents.,2025-162,,,other,mixed,no,,unclear,agency report or official implementation evidence,first_pass_toc,continuation,2024-148,Expand State Apprenticeships to Youth and Public Service Workers,theme=unclear; shared_terms=youth
2025,2025StateoftheStateBook.pdf,Chapter 13: Investing in Health 98,Chapter 13: Investing in Health 98,Address Social Needs to Improve Health Equity and Outcomes,,,program/policy,no,,mixed,First-pass coding from 2025 SOTS table of contents.,2025-163,,,program/policy,mixed,no,,unclear,"implementation metrics, agency reports, or budget plus rollout evidence",first_pass_toc,new,,,
2025,2025StateoftheStateBook.pdf,Chapter 13: Investing in Health 98,Chapter 13: Investing in Health 98,Reduce Health Disparities Through Value-Based Payments,,,funding/tax/benefit,no,,executive_budget,First-pass coding from 2025 SOTS table of contents.,2025-164,,,funding/tax/benefit,executive_budget,no,,unclear,"implementation metrics, agency reports, or budget plus rollout evidence",first_pass_toc,new,,,
2025,2025StateoftheStateBook.pdf,Chapter 13: Investing in Health 98,Chapter 13: Investing in Health 98,Advance Integrated Care for Better Health Outcomes,,,other,no,,mixed,First-pass coding from 2025 SOTS table of contents.,2025-165,,,other,mixed,no,,unclear,agency report or official implementation evidence,first_pass_toc,new,,,
2025,2025StateoftheStateBook.pdf,Chapter 13: Investing in Health 98,Chapter 13: Investing in Health 98,Update and Improve Network Adequacy Requirements,,,legislation/regulation,no,,legislation_required,First-pass coding from 2025 SOTS table of contents.,2025-166,,,legislation/regulation,legislation_required,no,,unclear,"implementation metrics, agency reports, or budget plus rollout evidence",first_pass_toc,follow_on,2024-140,Create One Network for Regional Advanced Manufacturing Partnerships (ON-RAMP),theme=unclear; shared_terms=network
2025,2025StateoftheStateBook.pdf,Chapter 13: Investing in Health 98,Chapter 13: Investing in Health 98,Revamp and Improve Customer Experience on New York's Health Plan Marketplace,,,program/policy,no,,mixed,First-pass coding from 2025 SOTS table of contents.,2025-167,,,program/policy,mixed,no,,digital_government,"implementation metrics, agency reports, or budget plus rollout evidence",first_pass_toc,follow_on,2024-211,2024 State of the State Establish Statewide Customer Experience Infrastructure,"theme=digital_government; shared_terms=customer, experience"
